{"loss": [0.31355220079421997, 0.20651142299175262, 0.17765158414840698, 0.16432659327983856, 0.15303455293178558, 0.14524871110916138, 0.1396002620458603, 0.1344849318265915, 0.12868046760559082, 0.12456227838993073, 0.12209977954626083, 0.11857772618532181, 0.11806762218475342, 0.11416342854499817, 0.11265379935503006, 0.10904918611049652, 0.10900729894638062, 0.10597606748342514, 0.10372812300920486, 0.10225901752710342], "accuracy": [0.8570070266723633, 0.9064364433288574, 0.9194475412368774, 0.9258306622505188, 0.9308521151542664, 0.9347208738327026, 0.9371559619903564, 0.9389354586601257, 0.9423575401306152, 0.9435390830039978, 0.9453185796737671, 0.9460173845291138, 0.9466225504875183, 0.9491801261901855, 0.949439525604248, 0.9513990879058838, 0.9511757493019104, 0.9524221420288086, 0.9536828994750977, 0.9541440010070801], "precision_1": [0.8378962278366089, 0.887164294719696, 0.9052774310112, 0.9139873385429382, 0.9197773337364197, 0.925835907459259, 0.9287118315696716, 0.9313579797744751, 0.9363068342208862, 0.937667965888977, 0.940934956073761, 0.9414396286010742, 0.9427261352539062, 0.9454233646392822, 0.9458489418029785, 0.9483296275138855, 0.9483203291893005, 0.9505420327186584, 0.9513965249061584, 0.9513779282569885], "recall_1": [0.9099841713905334, 0.9462586045265198, 0.9494624733924866, 0.9515402317047119, 0.9545966386795044, 0.9550390243530273, 0.9564867615699768, 0.9569023251533508, 0.9579077363014221, 0.9586718082427979, 0.9584171175956726, 0.9592214226722717, 0.9589399099349976, 0.9609104990959167, 0.9609372615814209, 0.9619829058647156, 0.9615539312362671, 0.9615002870559692, 0.963015079498291, 0.9639400243759155], "val_loss": [0.19600805640220642, 0.1673058569431305, 0.16245128214359283, 0.14524264633655548, 0.14657531678676605, 0.13447017967700958, 0.12749724090099335, 0.12305252254009247, 0.11549617350101471, 0.11340829730033875, 0.11415532231330872, 0.10456841439008713, 0.11031290888786316, 0.11526618152856827, 0.09282399713993073, 0.10639292746782303, 0.10257178544998169, 0.0956554040312767, 0.08846840262413025, 0.09492985904216766], "val_accuracy": [0.9062871336936951, 0.9240960478782654, 0.9183686971664429, 0.9284834265708923, 0.9268192648887634, 0.9382307529449463, 0.9454710483551025, 0.9395275712013245, 0.9479997158050537, 0.9510687589645386, 0.9493181109428406, 0.9578119516372681, 0.9529922604560852, 0.9500745534896851, 0.9591302871704102, 0.9511768221855164, 0.9558451771736145, 0.9576822519302368, 0.9613131880760193, 0.9607512354850769], "val_precision_1": [0.8589411973953247, 0.8880851864814758, 0.8755832314491272, 0.8915325403213501, 0.8911428451538086, 0.9149947166442871, 0.928207278251648, 0.9165974259376526, 0.9325552582740784, 0.9419286847114563, 0.9368090033531189, 0.9538144469261169, 0.9358792304992676, 0.9528226256370544, 0.9516769647598267, 0.9419400095939636, 0.9546595215797424, 0.9491060376167297, 0.9537874460220337, 0.9558218717575073], "val_recall_1": [0.9878548979759216, 0.982586681842804, 0.9885787963867188, 0.9870103597640991, 0.9840344190597534, 0.9757097959518433, 0.9738599061965942, 0.976313054561615, 0.9736588001251221, 0.9686720967292786, 0.9712056517601013, 0.9683905839920044, 0.9796509146690369, 0.9543553590774536, 0.9733772873878479, 0.968873143196106, 0.9636049270629883, 0.9734577536582947, 0.9752674102783203, 0.971889317035675]}